"Deck ID","Deck URL","Colours"
"20 Ways to Win (Secret Lair Commander 2024 Precon Deckli","https://moxfield.com/decks/AdqYsfYv-EKQE3RNbPoRuQ","Black,Blue,Green,Red,White"
"Abzan Armor (Tarkir Dragonstorm Commander Precon Decklis","https://moxfield.com/decks/HRkJg22HtkC8VhQ49cHIMg","Black,Green,White"
"Adaptive Enchantment","https://moxfield.com/decks/fVwQLD6CyU6YhEzQfQWzJw","Blue,Green,White"
"Ahoy Mateys (The Lost Caverns of Ixalan Commander Precon","https://moxfield.com/decks/JvChR5Ti-0WW5QE3PD29hA","Black,Blue,Red"
"Angels: They're Just Like Us, but Cooler and with Wings","https://moxfield.com/decks/uVAqU3YPRkuuIhT8t3Cm9Q","White"
"Animated Army","https://moxfield.com/decks/GAnCfVPj7EGXBf4ftLgn-A","Green,Red"
"Arcane Maelstrom","https://moxfield.com/decks/tNJbhqMb_U-azRDNGIBooA","Blue,Green,Red"
"Arcane Wizardry","https://moxfield.com/decks/8c7doWGiAE6zVNPRbPryDw","Black,Blue,Red"
"Arm for Battle","https://moxfield.com/decks/B5nugPBRnkWIookZqo9N4g","Red,White"
"Aura of Courage (Adventures in the Forgotten Realms Comm","https://moxfield.com/decks/C-kanWXqiE2nxFWMEouhAw","Blue,Green,White"
"Bedecked Brokers (Streets of New Capenna Commander Preco","https://moxfield.com/decks/LMu_N7hy3UWNP-HBkaw_xQ","Blue,Green,White"
"Blame Game (Murders at Karlov Manor Commander Precon Dec","https://moxfield.com/decks/BPBVD7NsT0SznrmdG4l3Tw","Red,White"
"Blast from the Past (Doctor Who Commander Precon Decklis","https://moxfield.com/decks/EDdBpyjUFUOBH2ZoOzAkxA","Blue,Green,White"
"Blood Rites (The Lost Caverns of Ixalan Commander Preco","https://moxfield.com/decks/OpCAH5tOAk6UznEeBm2y2Q","Black,White"
"Breed Lethality","https://moxfield.com/decks/VxCoYahRlUa2PjWX9fb53A","Black,Blue,Green,White"
"Breed Lethality","https://moxfield.com/decks/ycs0QP5BTkWbs7hXNcTUdw","Black,Blue,Green,White"
"Buckle Up (Kamigawa: Neon Dynasty Commander Precon Deckl","https://moxfield.com/decks/QTZDODqtBUOQGIoEbEDbCQ","Blue,White"
"Built from Scratch","https://moxfield.com/decks/dDRyzSWi_kegywH3X_WtQA","Red"
"Built from Scratch (Commander Anthology 2 Precon Decklis","https://moxfield.com/decks/UMBPmBxxhUy3a4gK1vKUXQ","Red"
"Cabaretti Cacophony (Streets of New Capenna Commander Pr","https://moxfield.com/decks/ONFl58ai-U-S3u539zDJQg","Green,Red,White"
"Call for Backup (March of the Machine Commander Precon D","https://moxfield.com/decks/9jXNLpQrv0CQN-d5sJeHFA","Green,Red,White"
"Call the Spirits","https://moxfield.com/decks/qmDIgeU_VUijh2qAsWEe1g","Black,White"
"Cavalry Charge (March of the Machine Commander Precon De","https://moxfield.com/decks/PrHvjllh3kuzVuSV2wyhCQ","Black,Blue,White"
"Chaos Incarnate (Starter Commander Decks Precon Decklist","https://moxfield.com/decks/y48MuxOOF0-B5kxdP7zNsw","Black,Red"
"Corrupting Influence (Phyrexia All Will Be One Commander","https://moxfield.com/decks/PvZAYgl5MUWsWFdKKdyIww","Black,Green,White"
"Counter Blitz","https://moxfield.com/decks/lrrdWuKxM0KM9uE9-x4LJw","Blue,Green,White"
"Counter Blitz Collector's Edition (Final Fantasy Command","https://moxfield.com/decks/ErmXaJTJ7EutCr1O0pzjCw","Blue,Green,White"
"Counter Intelligence (Edge of Eternities Commander Preco","https://moxfield.com/decks/K_R2ARDl_0W6Bs-mVi-vCA","Blue,Red,White"
"Counterpunch","https://moxfield.com/decks/cQBv30b2bE6sgTM_YaeNQQ","Black,Green,White"
"Coven Counters (Innistrad: Midnight Hunt Commander 2021","https://moxfield.com/decks/dj8xqpaSZUat_G4t1vXcSg","Green,White"
"Creative Energy (Modern Horizons 3 Commander Precon Deck","https://moxfield.com/decks/IDfskZ7CAE2kBVwbWv3cpQ","Blue,Red,White"
"Creative Energy Collector's Edition (Modern Horizons 3 C","https://moxfield.com/decks/l3x5kJnQqkO_NstssuEk9g","Blue,Red,White"
"Deadly Disguise (Murders at Karlov Manor Commander Preco","https://moxfield.com/decks/c9xQjfvGwkCMFmQWcdOKVw","Green,Red,White"
"Death Toll","https://moxfield.com/decks/pdTbH1kXzUuDht7kgBm-1g","Black,Green"
"Deathdancer Xira (Magic Online Theme Deck Precon Decklis","https://moxfield.com/decks/OWpCFVoDUk2nEGovF_iA0Q","Black,Green,Red"
"Deep Clue Sea (Murders at Karlov Manor Commander Precon","https://moxfield.com/decks/kudcIOMGwkuN0hi99q10MQ","Blue,Green,White"
"Desert Bloom (Outlaws of Thunder Junction Commander Prec","https://moxfield.com/decks/5MXFLs15ck6nh85X5VEjyQ","Green,Red,White"
"Devour for Power","https://moxfield.com/decks/oOJLhXA4CUGsh8mxlF00IA","Black,Blue,Green"
"Devour for Power","https://moxfield.com/decks/ZGQevjc2q0aMZ0IkiwOSIQ","Black,Blue,Green"
"Divine Convocation (March of the Machine Commander Preco","https://moxfield.com/decks/SfNm_azRAUGtkhIuesdBIw","Blue,Red,White"
"Draconic Destruction (Starter Commander Precon Decklist","https://moxfield.com/decks/vKenUyAq5Eaneqf1Dazp1w","Green,Red"
"Draconic Dissent (Battle for Baldur's Gate Commander Pre","https://moxfield.com/decks/ZZIUxi1olEGLv284mGcMzw","Blue,Red"
"Draconic Domination","https://moxfield.com/decks/HoXmEZkVqEi0kybdMDAeIw","Black,Blue,Green,Red,White"
"Draconic Rage (Adventures in the Forgotten Realms Comman","https://moxfield.com/decks/Z0Cz_IU2mkC5Qp9y8Nxgog","Green,Red"
"Dungeons of Death (Adventures in the Forgotten Realms Co","https://moxfield.com/decks/Ym001xPF0E2HZl91qKhcwQ","Black,Blue,White"
"Eldrazi Incursion (Modern Horizons 3 Commander Precon De","https://moxfield.com/decks/guLGf5HBmUyrqbttAnng-A","Black,Blue,Green,Red,White"
"Eldrazi Incursion Collector's Edition (Modern Horizons 3","https://moxfield.com/decks/3VJLwSWcB0mjXMpYBiiB8g","Black,Blue,Green,Red,White"
"Eldrazi Unbound","https://moxfield.com/decks/KjThzhPw-UCQBu3v3CipMA","Colorless"
"Elven Council (The Lord of the Rings Commander Precon De","https://moxfield.com/decks/4aKNkLrXmU-zsytziZ6JnQ","Blue,Green"
"Elven Empire","https://moxfield.com/decks/diwSjxSEw0O9MDyJU9EYkg","Black,Green"
"Enchantress Rubinia (Magic Online Theme Deck Precon Deck","https://moxfield.com/decks/T2NwkZIrXUi9Zi7bcsnD2A","Blue,Green,White"
"Endless Punishment","https://moxfield.com/decks/pnGkUqRJ5EyzT3J7OSlWeg","Black,Red"
"Enduring Enchantments (Commander Masters Precon Decklist","https://moxfield.com/decks/c6yH4J1x7kGNjygB_L_yow","Black,Green,White"
"Enhanced Evolution","https://moxfield.com/decks/LWso_KepWEGAF8XjYQuH9Q","Black,Blue,Green"
"Entropic Uprising","https://moxfield.com/decks/LZNyKWehuEqouICSnbziFA","Black,Blue,Green,Red"
"Eternal Bargain","https://moxfield.com/decks/S2lFhE-IPUe6etycgIBVow","Black,Blue,White"
"Eternal Might","https://moxfield.com/decks/XrG-Ct9Mx0SZxXKayAp09w","Black,Blue,White"
"Evasive Maneuvers","https://moxfield.com/decks/Vn4nmThMX0W_rpxojp34gw","Blue,Green,White"
"Evasive Maneuvers","https://moxfield.com/decks/m49dNeYETUm9-zfp4Q1FTA","Blue,Green,White"
"Everyone's Invited! (Secret Lair Commander 2025 Precon D","https://moxfield.com/decks/4LyEuAZJA0WFp-H1P-85VA","Black,Blue,Green,Red,White"
"Exit from Exile (Battle for Baldur's Gate Commander Prec","https://moxfield.com/decks/std5mk-aL0W4JDzG3IOwbg","Green,Red"
"Explorers of the Deep (The Lost Caverns of Ixalan Comma","https://moxfield.com/decks/lnTvk7dGp0KzsvxIMxPDJg","Blue,Green"
"Exquisite Invention","https://moxfield.com/decks/1fVIkyMjc0-PJiofqQgxBQ","Blue,Red"
"Faceless Menace","https://moxfield.com/decks/gBEKby17r0OMidKZzGZfYQ","Black,Blue,Green"
"Fae Dominion (Wilds of Eldraine Commander Precon Decklis","https://moxfield.com/decks/ozDFoD58AkeKWefQLjSo0A","Black,Blue"
"Family Matters","https://moxfield.com/decks/PzY-rAZ3SEiLi_fuR2XBhQ","Blue,Red,White"
"Feline Ferocity","https://moxfield.com/decks/fKnrv6xYNky-tT7oz45nmw","Green,White"
"First Flight","https://moxfield.com/decks/4aWzNrYbU0utRRc4VP2y_g","Blue,White"
"Food and Fellowship (The Lord of the Rings Commander Pre","https://moxfield.com/decks/S3X49Miklk6zsQk9VSrt2Q","Black,Green,White"
"Forces of the Imperium (Warhammer 40,000 Commander Colle","https://moxfield.com/decks/hfurOJ4iEEyrRCzypWhpKw","Black,Blue,White"
"Forces of the Imperium (Warhammer 40,000 Commander Preco","https://moxfield.com/decks/pkvfXrVXCkyG5L3OzShe2Q","Black,Blue,White"
"Forged in Stone","https://moxfield.com/decks/VCpZU-l9Ykqx91BzMxKB5A","White"
"From Cute to Brute (Secret Lair Commander 2023 Precon De","https://moxfield.com/decks/8wdob7tqoUujv-Ifp0S3cw","Black,Blue,Green,Red,White"
"Grand Larceny (Outlaws of Thunder Junction Commander Pre","https://moxfield.com/decks/kwiSILSLR0ic9U38G00JZQ","Black,Blue,Green"
"Grave Danger","https://moxfield.com/decks/C69lZxaCm0mccIVMd6ZAMg","Black,Blue"
"Graveyard Overdrive (Modern Horizons 3 Commander Precon","https://moxfield.com/decks/p9lI8QQGH0eEeJmaPX0KVQ","Black,Green,Red"
"Graveyard Overdrive Collector's Edition (Modern Horizons","https://moxfield.com/decks/uloLw2zQHU-yXpeP1270dg","Black,Green,Red"
"Growing Threat (March of the Machine Commander Precon De","https://moxfield.com/decks/Rwg0cZ0Yqk2ujq_GXIQA2g","Black,White"
"Guided by Nature","https://moxfield.com/decks/s-PLN5Vul0OF8a7xbff0RA","Green"
"Guided by Nature","https://moxfield.com/decks/7r4b_MnVLkWFm4VyIWnfTQ","Green"
"Hail, Caesar","https://moxfield.com/decks/d4lz50OUpUiGp3o-4kgX4g","Black,Red,White"
"Heads I Win, Tails You Lose (Secret Lair Commander 2021","https://moxfield.com/decks/UP1ktQ_GyEK2KErkvoUt-g","Blue,Red"
"Heavenly Inferno","https://moxfield.com/decks/RTMMomJxi0iK-r6ZDzBXeQ","Black,Red,White"
"Heavenly Inferno","https://moxfield.com/decks/RjnJ0tpS-UyYyu6jVUmR7g","Black,Red,White"
"Invent Superiority","https://moxfield.com/decks/jU5ihzvK8ES7TOlRlw87og","Black,Blue,Red,White"
"Jeskai Striker (Tarkir Dragonstorm Commander Precon Deck","https://moxfield.com/decks/90IaIz_OaUyg1oE7a2OQsw","Blue,Red,White"
"Jump Scare!","https://moxfield.com/decks/caQw6W6nwkSjBJkBED-0-Q","Blue,Green"
"Land's Wrath","https://moxfield.com/decks/hxxwZ5fXHEWBIKbY3HEpxQ","Green,Red,White"
"Legends' Legacy (Dominaria United Commander Precon Deckl","https://moxfield.com/decks/9J-00z816kymdi6vRN_zog","Black,Red,White"
"Limit Break","https://moxfield.com/decks/xNhT2XmIrkOu2lXb4-vjhg","Green,Red,White"
"Limit Break Collector's Edition (Final Fantasy Commander","https://moxfield.com/decks/VW_xog8_F024oGmzaJ9t7Q","Green,Red,White"
"Living Energy","https://moxfield.com/decks/jWSmSfkdGEijTfTX_d8qNQ","Blue,Green,Red"
"Lorehold Legacies","https://moxfield.com/decks/Vgzv5-wfcUqwUbd77Flqhw","Red,White"
"Maestros Massacre (Streets of New Capenna Commander Prec","https://moxfield.com/decks/flLw5YvIOE2tBprZ_GTsmQ","Black,Blue,Red"
"Mardu Surge (Tarkir Dragonstorm Commander Precon Decklis","https://moxfield.com/decks/8KaWrDZ65k6x_VvjwJclGg","Black,Red,White"
"Masters of Evil","https://moxfield.com/decks/4gxofFdLD0OQleQer2rVbg","Black,Blue,Red"
"Merciless Rage","https://moxfield.com/decks/z_LC4U8zVE6k4Z7EoxPV0g","Black,Red"
"Mind Flayarrrs (Battle for Baldur's Gate Commander Preco","https://moxfield.com/decks/Xv5AslbsKE-9-FPK3E3IHQ","Black,Blue"
"Mind Seize","https://moxfield.com/decks/caPxDQM6Zk6R7MNuhVVXqA","Black,Blue,Red"
"Miracle Worker","https://moxfield.com/decks/dL6gcTQ7hUq6nQq7fijzUA","Black,Blue,White"
"Mirror Mastery","https://moxfield.com/decks/70auYSm75E-Iwf4Oc0g7Lg","Blue,Green,Red"
"Mishra's Burnished Banner (The Brothers' War Commander P","https://moxfield.com/decks/2SN7rtbtuEy6rydE2U55gA","Black,Blue,Red"
"Most Wanted (Outlaws of Thunder Junction Commander Preco","https://moxfield.com/decks/V766u1HzgUCREUUSgsnfFA","Black,Red,White"
"Mutant Menace","https://moxfield.com/decks/EE44WgAwhUOI0XRfFQqolQ","Black,Blue,Green"
"Mystic Intellect","https://moxfield.com/decks/HQVV0USd-ECJa_7kyXdsnw","Blue,Red,White"
"Nature of the Beast","https://moxfield.com/decks/qd28JYqCYUKhJtheTNKx6A","Green,Red,White"
"Nature's Vengeance","https://moxfield.com/decks/m2GByoxwLU-kOIAWK3nFkw","Black,Green,Red"
"Necron Dynasties (Warhammer 40,000 Commander Collector's","https://moxfield.com/decks/wTPRYlK1MESHmDM2DDeOGQ","Black"
"Necron Dynasties (Warhammer 40,000 Commander Precon Deck","https://moxfield.com/decks/8ufvofa2ZkWCvXRR1lCFKQ","Black"
"Obscura Operation (Streets of New Capenna Commander Prec","https://moxfield.com/decks/flG8SlpN50qt-L-rQ6VftQ","Black,Blue,White"
"Open Hostility","https://moxfield.com/decks/eX6IyOAU70CFfkW0G6TYyw","Black,Green,Red,White"
"Painbow","https://moxfield.com/decks/VI61h_QqUEKf5tLvM5Pdcg","Black,Blue,Green,Red,White"
"Paradox Power","https://moxfield.com/decks/l-e7-HDtsk2hXy5HK7ASuQ","Blue,Green,Red"
"Party Time (Battle for Baldur's Gate Commander Precon De","https://moxfield.com/decks/h1KFxvzBG0-tkfZVfBJg1A","Black,White"
"Peace Offering","https://moxfield.com/decks/bTMR5Ab1PU-5UzXaQ_OsgQ","Blue,Green,White"
"Peer Through Time","https://moxfield.com/decks/eI5qvS1WQUqLpM4s4OcFXQ","Blue"
"Phantom Premonition","https://moxfield.com/decks/Go1B3kYCPk6ckaI7hPdShw","Blue,White"
"Planar Portal (Adventures in the Forgotten Realms Comman","https://moxfield.com/decks/3JwMHo6ANUeV4t-0eNLA5A","Black,Red"
"Planeswalker Party","https://moxfield.com/decks/8eidLxMRBkqRWg9yIN8nyA","Blue,Red,White"
"Plunder the Graves","https://moxfield.com/decks/q30rAFH1j0aXV_UyLgUsDg","Black,Green"
"Plunder the Graves","https://moxfield.com/decks/EK6p0em0TEiKr4lVHSgWnA","Black,Green"
"Political Puppets","https://moxfield.com/decks/Hq90LxdWMUCbrG9fdU3HaQ","Blue,Red,White"
"Power Hungry","https://moxfield.com/decks/O3zgKgwidEaOkEc0KeyRow","Black,Green,Red"
"Primal Genesis","https://moxfield.com/decks/647BlyGrEUCXfNB-PTvCxQ","Green,Red,White"
"Prismari Performance","https://moxfield.com/decks/aPbAlXnx1kKMj7EYicfvsg","Blue,Red"
"Quantum Quandrix","https://moxfield.com/decks/hNhQ07wNf0e7423P6S1P1g","Blue,Green"
"Quick Draw (Outlaws of Thunder Junction Commander Precon","https://moxfield.com/decks/wpucJrNlHUSL8zosshILkQ","Blue,Red"
"Raining Cats and Dogs (Secret Lair Commander 2024 Precon","https://moxfield.com/decks/G0y9ltIwoUysUSoAYtyFfA","Green,Red,White"
"Reap the Tides","https://moxfield.com/decks/K3C1rLmFKE-14OeUeHxdYQ","Blue,Green"
"Rebellion Rising (Phyrexia All Will Be One Commander Pre","https://moxfield.com/decks/RHTNEgHYMUigpM8XFwqUeQ","Red,White"
"Revenant Recon (Murders at Karlov Manor Commander Precon","https://moxfield.com/decks/iGDLYBkYqEGQOinzm-807g","Black,Blue"
"Revival Trance","https://moxfield.com/decks/TdOsPBP3302BdskyLVzU-A","Black,Red,White"
"Revival Trance Collector's Edition (Final Fantasy Comman","https://moxfield.com/decks/wP8d8ugZaEWz2N9B-nMWeA","Black,Red,White"
"Riders of Rohan (The Lord of the Rings Commander Precon","https://moxfield.com/decks/wWL4dez0i0euOvWSpmQ7UQ","Blue,Red,White"
"Riveteers Rampage (Streets of New Capenna Commander Prec","https://moxfield.com/decks/fTgFMxk5cESAhOVIks00kA","Black,Green,Red"
"Ruthless Regiment","https://moxfield.com/decks/7a4bmlDVbEeIlvXYrlTIIA","Black,Red,White"
"Science!","https://moxfield.com/decks/BA1a99vfi0W0YLlGC97t-A","Blue,Red,White"
"Scions & Spellcraft (Final Fantasy Commander Precon Deck","https://moxfield.com/decks/3s_W4MAiukee07B9aAs5EQ","Black,Blue,White"
"Scions & Spellcraft Collector's Edition (Final Fantasy C","https://moxfield.com/decks/MFOA7Dh8LUiAE6_cehbrEA","Black,Blue,White"
"Scrappy Survivors","https://moxfield.com/decks/Z2KWcwO1u0GvQC4gbVjPZw","Green,Red,White"
"Seize Control","https://moxfield.com/decks/qfOr1nvopUeSE7VOvrWx-A","Blue,Red"
"Silverquill Statement","https://moxfield.com/decks/_dM2RHtVoUqDHjMko8X4pQ","Black,White"
"Sliver Swarm","https://moxfield.com/decks/VgocEf5MwUC9SxeIj4iXzQ","Black,Blue,Green,Red,White"
"Sneak Attack","https://moxfield.com/decks/xaAqhJektkCFh_HAR8cBMg","Black,Blue"
"Spirit Squadron (Innistrad: Crimson Vow Commander Precon","https://moxfield.com/decks/zoNqxklcjEyz2NZ9MI6jpA","Blue,White"
"Squirreled Away","https://moxfield.com/decks/sxWCdd1NJ0q5JytH2RJyuA","Black,Green"
"Stalwart Unity","https://moxfield.com/decks/F1sBofALcku8lucubWf4oQ","Blue,Green,Red,White"
"Subjective Reality","https://moxfield.com/decks/7Eph6jxhJkekY-as0pl7XA","Black,Blue,White"
"Sultai Arisen (Tarkir Dragonstorm Commander Precon Deckl","https://moxfield.com/decks/ckpy_1FNIEiFMXqyA6NbYQ","Black,Blue,Green"
"Swell the Host","https://moxfield.com/decks/m0KtPnA--U2IjyoF_oPP8Q","Blue,Green"
"Sworn to Darkness","https://moxfield.com/decks/Ta08Su5JcEGKM4IO9xQLXA","Black"
"Symbiotic Swarm","https://moxfield.com/decks/VdxcZ7n6skOrhuElFAa5bg","Black,Green,White"
"Temur Roar (Tarkir Dragonstorm Commander Precon Decklist","https://moxfield.com/decks/dp8QKvCr3EqGF9-qu5Zzfg","Blue,Green,Red"
"The Hosts of Mordor (The Lord of the Rings Commander Pre","https://moxfield.com/decks/Z4cD-XEZRUuH4W9jB_SvuA","Black,Blue,Red"
"The Ruinous Powers (Warhammer 40,000 Commander Collector","https://moxfield.com/decks/ZXMJy7aYMEa7Zbxs9GZEmA","Black,Blue,Red"
"The Ruinous Powers (Warhammer 40,000 Commander Precon De","https://moxfield.com/decks/Co8GiCNRIUqzCJBzpdRaAg","Black,Blue,Red"
"Timeless Wisdom","https://moxfield.com/decks/FoYllHo-K0WwAeO4uX5uLg","Blue,Red,White"
"Timey-Wimey","https://moxfield.com/decks/fj8Av0UofkOhiyBAPSOwJw","Blue,Red,White"
"Tinker Time (March of the Machine Commander Precon Deckl","https://moxfield.com/decks/-QW0UquytEiCFJE72zE59w","Blue,Green,Red"
"Token Triumph","https://moxfield.com/decks/s-gC4gfPC0eVReuXm2Eo7w","Green,White"
"Tricky Terrain (Modern Horizons 3 Commander Precon Deckl","https://moxfield.com/decks/GBX3VBGJH0ezo5sOEy53aQ","Blue,Green"
"Tricky Terrain Collector's Edition (Modern Horizons 3 Co","https://moxfield.com/decks/TumgjYGGdECEru1sfjRoGw","Blue,Green"
"Tyranid Swarm (Warhammer 40,000 Commander Collector's Ed","https://moxfield.com/decks/tKMx4ukpM0iVdEWPnlRLkw","Blue,Green,Red"
"Tyranid Swarm (Warhammer 40,000 Commander Precon Decklis","https://moxfield.com/decks/IXssBxzerEmQEWWklVWQtA","Blue,Green,Red"
"Undead Unleashed (Innistrad: Midnight Hunt Commander 202","https://moxfield.com/decks/DzZRd4RZDEWK4FwRJdSccw","Black,Blue"
"Upgrades Unleashed (Kamigawa: Neon Dynasty Commander Pre","https://moxfield.com/decks/_r0Tk4XqbEOws8IjeFPDlw","Green,Red"
"Urza's Iron Alliance (The Brothers' War Commander Precon","https://moxfield.com/decks/yvrb9gEkuUSVBT0ulhjxfA","Black,Blue,White"
"Vampiric Bloodline (Innistrad: Crimson Vow Commander Pre","https://moxfield.com/decks/lava2X1Op0aSeUHhPC5cfQ","Black,Red"
"Vampiric Bloodlust","https://moxfield.com/decks/dne9B6FNGk2I86ppJ3iK5Q","Black,Red,White"
"Veloci-Ramp-Tor (The Lost Caverns of Ixalan Commander Pr","https://moxfield.com/decks/viXU1nCwOkmTU5FGQu8MFw","Green,Red,White"
"Virtue and Valor (Wilds of Eldraine Commander Precon Dec","https://moxfield.com/decks/KnMheGE4ykelGVpKNvopNw","Green,White"
"Wade Into Battle","https://moxfield.com/decks/xVx32XM5BkWiriossGKFww","Red,White"
"Wade Into Battle","https://moxfield.com/decks/mxn1Iad46kSGT5NR6N_3_g","Red,White"
"Witherbloom Witchcraft","https://moxfield.com/decks/6WeWU_rriEaCGPmJ2l1e1g","Black,Green"
"World Shaper (Edge of Eternities Commander Precon Deckli","https://moxfield.com/decks/z4iIQoHd4ECI0GNv5H1u3g","Black,Green,Red"
